OBJECTID,INSTALLED,UPGRADED,INFRA_HIGHORDER
1,2001,2021,Shared Roadways
2,2001,2009,Protected Lanes
3,2001,2011,Protected Lanes
4,2001,2011,Protected Lanes
5,2001,2012,Protected Lanes
6,2001,2012,Protected Lanes
7,2001,2012,Protected Lanes
8,2001,2021,Protected Lanes
9,2001,2015,Protected Lanes
10,2001,2015,Protected Lanes
11,2001,2015,Protected Lanes
12,2001,2015,Shared Roadways
13,2001,2015,Shared Roadways
14,2001,2015,Shared Roadways
15,2001,2015,Shared Roadways
16,2001,2015,Shared Roadways
17,2001,2015,On-Road Lanes
18,2001,2015,On-Road Lanes
19,2001,2015,On-Road Lanes
20,2001,2015,Shared Roadways
21,2001,2015,Shared Roadways
22,2001,2015,Protected Lanes
23,2001,2015,Protected Lanes
24,2001,2015,Protected Lanes
25,2001,NA,Protected Lanes
26,2001,2017,Protected Lanes
27,2001,2014,Protected Lanes
28,2001,2015,Protected Lanes
29,2001,2015,Protected Lanes
30,2001,2015,Protected Lanes
31,2001,2015,Protected Lanes
32,2001,2015,Protected Lanes
33,2001,2015,Protected Lanes
34,2001,2015,Protected Lanes
35,2001,2015,Protected Lanes
36,2001,2015,Protected Lanes
37,2001,2015,Protected Lanes
38,2001,NA,Protected Lanes
39,2001,2016,On-Road Lanes
40,2001,2016,On-Road Lanes
41,2001,2016,Protected Lanes
42,2001,2016,On-Road Lanes
43,2001,2016,On-Road Lanes
44,2001,2016,On-Road Lanes
45,2001,NA,On-Road Lanes
46,2001,2017,Protected Lanes
47,2001,NA,Shared Roadways
48,2001,NA,Shared Roadways
49,2001,2017,Shared Roadways
50,2001,NA,Protected Lanes
51,2001,NA,Protected Lanes
52,2001,NA,Protected Lanes
53,2001,NA,Protected Lanes
54,2001,NA,Protected Lanes
55,2001,NA,Protected Lanes
56,2001,NA,Protected Lanes
57,2001,NA,Protected Lanes
58,2001,NA,Protected Lanes
59,2001,NA,Protected Lanes
60,2001,NA,Protected Lanes
61,2001,NA,Protected Lanes
62,2001,NA,Protected Lanes
63,2001,NA,Protected Lanes
64,2001,NA,Protected Lanes
65,2001,NA,Protected Lanes
66,2001,NA,Protected Lanes
67,2001,NA,Protected Lanes
68,2001,NA,Shared Roadways
69,2001,2016,On-Road Lanes
70,2001,2016,On-Road Lanes
71,2001,NA,On-Road Lanes
72,2001,NA,On-Road Lanes
73,2001,2016,On-Road Lanes
74,2001,NA,On-Road Lanes
75,2001,1,On-Road Lanes
76,2001,NA,Protected Lanes
77,2001,NA,Protected Lanes
78,2001,NA,Protected Lanes
79,2001,NA,Protected Lanes
80,2001,NA,Protected Lanes
81,2001,NA,Protected Lanes
82,2001,NA,Protected Lanes
83,2001,NA,Protected Lanes
84,2001,NA,Protected Lanes
85,2001,NA,Protected Lanes
86,2001,NA,Protected Lanes
87,2001,NA,Protected Lanes
88,2001,NA,Protected Lanes
89,2001,2015,Protected Lanes
90,2001,2016,On-Road Lanes
91,2001,2015,Shared Roadways
92,2001,2015,Shared Roadways
93,2001,2015,Shared Roadways
94,2001,2015,Protected Lanes
95,2001,2017,Protected Lanes
96,2001,2015,Protected Lanes
97,2001,2015,Shared Roadways
98,2001,2015,Protected Lanes
99,2001,2015,Protected Lanes
100,2001,2015,Protected Lanes
101,2001,2015,Shared Roadways
102,2001,2015,Protected Lanes
103,2001,2020,Protected Lanes
104,2001,NA,Protected Lanes
105,2001,NA,Protected Lanes
106,2001,NA,Protected Lanes
107,2001,NA,Protected Lanes
108,2001,NA,Protected Lanes
109,2001,NA,Protected Lanes
110,2001,NA,Protected Lanes
111,2001,NA,Protected Lanes
112,2001,NA,Protected Lanes
113,2001,NA,Protected Lanes
114,2001,NA,Protected Lanes
115,2001,NA,Protected Lanes
116,2001,NA,Protected Lanes
117,2001,NA,Protected Lanes
118,2001,NA,Protected Lanes
119,2001,NA,Protected Lanes
120,2001,NA,Protected Lanes
121,2001,NA,Protected Lanes
122,2001,NA,Protected Lanes
123,2001,NA,Protected Lanes
124,2001,NA,Protected Lanes
125,2001,NA,Protected Lanes
126,2001,NA,Protected Lanes
127,2001,NA,Protected Lanes
128,2001,NA,Protected Lanes
129,2001,NA,Protected Lanes
130,2001,NA,Protected Lanes
131,2001,NA,Protected Lanes
132,2001,NA,Protected Lanes
133,2001,NA,Protected Lanes
134,2001,NA,Protected Lanes
135,2001,NA,Protected Lanes
136,2001,NA,Protected Lanes
137,2001,NA,Protected Lanes
138,2001,NA,Protected Lanes
139,2001,NA,Protected Lanes
140,2001,NA,Protected Lanes
141,2001,NA,Protected Lanes
142,2001,NA,Protected Lanes
143,2001,NA,Protected Lanes
144,2001,NA,Protected Lanes
145,2001,NA,Protected Lanes
146,2001,NA,Protected Lanes
147,2001,NA,Protected Lanes
148,2001,2017,Protected Lanes
149,2001,NA,Protected Lanes
150,2001,NA,Protected Lanes
151,2001,NA,Protected Lanes
152,2001,NA,Protected Lanes
153,2001,NA,Protected Lanes
154,2001,NA,Protected Lanes
155,2001,NA,Protected Lanes
156,2001,NA,Protected Lanes
157,2001,NA,Protected Lanes
158,2001,NA,Protected Lanes
159,2001,NA,Protected Lanes
160,2001,NA,Protected Lanes
161,2001,NA,Protected Lanes
162,2001,NA,Protected Lanes
163,2001,NA,Protected Lanes
164,2001,NA,Shared Roadways
165,2001,NA,Shared Roadways
166,2001,NA,Shared Roadways
167,2001,NA,Shared Roadways
168,2001,NA,Shared Roadways
169,2001,NA,Shared Roadways
170,2001,NA,Protected Lanes
171,2001,NA,Protected Lanes
172,2001,NA,Protected Lanes
173,2001,NA,Protected Lanes
174,2001,NA,Protected Lanes
175,2001,NA,Protected Lanes
176,2001,NA,Protected Lanes
177,2001,NA,Protected Lanes
178,2001,NA,Protected Lanes
179,2001,NA,Protected Lanes
180,2001,NA,Protected Lanes
181,2001,NA,Protected Lanes
182,2001,NA,Protected Lanes
183,2001,NA,Protected Lanes
184,2001,NA,Protected Lanes
185,2001,NA,Protected Lanes
186,2001,NA,Protected Lanes
187,2001,NA,Protected Lanes
188,2001,NA,Protected Lanes
189,2001,NA,Protected Lanes
190,2001,NA,Protected Lanes
191,2001,NA,Protected Lanes
192,2001,NA,Protected Lanes
193,2001,NA,Protected Lanes
194,2001,NA,Protected Lanes
195,2001,NA,Protected Lanes
196,2001,NA,Protected Lanes
197,2001,NA,Protected Lanes
198,2001,NA,Protected Lanes
199,2001,NA,Protected Lanes
200,2001,NA,Protected Lanes
201,2001,NA,Protected Lanes
202,2001,NA,Protected Lanes
203,2001,NA,Protected Lanes
204,2001,NA,Protected Lanes
205,2001,NA,Shared Roadways
206,2001,NA,Shared Roadways
207,2001,NA,Protected Lanes
208,2001,NA,Protected Lanes
209,2001,NA,Protected Lanes
210,2001,NA,Protected Lanes
211,2001,NA,Protected Lanes
212,2001,NA,Protected Lanes
213,2001,NA,Protected Lanes
214,2001,NA,Protected Lanes
215,2001,NA,Protected Lanes
216,2001,NA,Protected Lanes
217,2001,NA,Protected Lanes
218,2001,NA,Protected Lanes
219,2001,NA,Protected Lanes
220,2001,NA,Protected Lanes
221,2001,2015,Shared Roadways
222,2001,NA,Protected Lanes
223,2001,NA,Protected Lanes
224,2001,NA,Shared Roadways
225,2001,NA,Shared Roadways
226,2001,NA,Protected Lanes
227,2001,NA,Shared Roadways
228,2001,NA,Protected Lanes
229,2001,NA,Protected Lanes
230,2001,NA,Protected Lanes
231,2001,NA,Protected Lanes
232,2001,NA,Protected Lanes
233,2001,NA,Protected Lanes
234,2001,NA,Protected Lanes
235,2001,NA,Protected Lanes
236,2001,2021,On-Road Lanes
237,2001,NA,Shared Roadways
238,2001,NA,Shared Roadways
239,2001,NA,Shared Roadways
240,2001,NA,On-Road Lanes
241,2001,NA,Protected Lanes
242,2001,NA,Protected Lanes
243,2001,NA,Protected Lanes
244,2001,NA,Protected Lanes
245,2001,NA,Protected Lanes
246,2001,NA,Protected Lanes
247,2001,NA,Protected Lanes
248,2001,2017,Protected Lanes
249,2001,NA,Protected Lanes
250,2001,NA,Shared Roadways
251,2001,NA,Protected Lanes
252,2001,NA,Protected Lanes
253,2001,NA,Protected Lanes
254,2001,NA,Protected Lanes
255,2001,NA,Protected Lanes
256,2001,NA,Protected Lanes
257,2001,NA,Protected Lanes
258,2001,NA,Protected Lanes
259,2001,NA,Shared Roadways
260,2001,NA,Shared Roadways
261,2001,NA,Shared Roadways
262,2001,NA,Shared Roadways
263,2001,NA,Shared Roadways
264,2001,2020,Shared Roadways
265,2001,NA,Shared Roadways
266,2001,NA,Shared Roadways
267,2001,NA,Shared Roadways
268,2001,2021,Shared Roadways
269,2001,NA,Shared Roadways
270,2001,NA,Shared Roadways
271,2001,NA,Shared Roadways
272,2001,NA,On-Road Lanes
273,2001,2019,On-Road Lanes
274,2001,NA,On-Road Lanes
275,2001,NA,On-Road Lanes
276,2001,NA,Protected Lanes
277,2001,NA,Protected Lanes
278,2001,NA,Protected Lanes
279,2001,NA,Protected Lanes
280,2001,NA,Protected Lanes
281,2001,NA,Protected Lanes
282,2001,NA,Protected Lanes
283,2001,NA,Protected Lanes
284,2001,NA,Protected Lanes
285,2001,NA,Protected Lanes
286,2001,NA,Protected Lanes
287,2001,NA,Protected Lanes
288,2001,NA,Protected Lanes
289,2001,NA,Protected Lanes
290,2001,NA,Shared Roadways
291,2001,NA,Shared Roadways
292,2001,NA,Shared Roadways
293,2001,NA,Shared Roadways
294,2001,NA,Shared Roadways
295,2001,NA,Shared Roadways
296,2001,NA,Shared Roadways
299,2009,NA,Protected Lanes
301,2019,NA,Protected Lanes
302,2019,NA,Protected Lanes
303,2019,NA,Protected Lanes
304,2019,NA,Protected Lanes
305,2019,NA,Protected Lanes
306,2019,NA,Protected Lanes
307,2019,NA,Protected Lanes
308,2019,NA,Protected Lanes
309,2019,NA,Protected Lanes
311,2019,NA,Protected Lanes
312,2018,NA,Protected Lanes
313,2001,NA,Shared Roadways
314,2001,NA,Shared Roadways
315,2001,NA,On-Road Lanes
316,2001,2022,On-Road Lanes
317,2001,NA,On-Road Lanes
318,2001,NA,On-Road Lanes
319,2001,NA,On-Road Lanes
320,2001,2022,Protected Lanes
321,2001,NA,On-Road Lanes
322,2001,NA,Protected Lanes
323,2001,NA,Protected Lanes
324,2001,NA,Shared Roadways
325,2001,2015,Protected Lanes
326,2001,2015,Protected Lanes
327,2001,2015,Protected Lanes
328,2001,NA,Protected Lanes
329,2001,NA,Protected Lanes
330,2001,2017,Shared Roadways
331,2001,2017,Shared Roadways
332,2001,2017,Shared Roadways
333,2001,NA,Shared Roadways
334,2001,NA,Shared Roadways
335,2001,NA,Shared Roadways
336,2001,NA,Shared Roadways
337,2001,NA,Shared Roadways
338,2001,NA,Protected Lanes
339,2001,NA,Protected Lanes
340,2001,NA,Protected Lanes
341,2001,NA,Protected Lanes
342,2001,NA,Protected Lanes
343,2001,NA,Protected Lanes
344,2001,NA,Protected Lanes
345,2001,NA,Protected Lanes
346,2001,NA,Protected Lanes
347,2001,NA,Protected Lanes
348,2001,NA,Protected Lanes
349,2001,NA,Protected Lanes
350,2001,NA,Protected Lanes
351,2001,NA,Protected Lanes
352,2001,NA,Protected Lanes
353,2001,NA,Protected Lanes
354,2001,NA,Protected Lanes
355,2001,NA,Protected Lanes
356,2001,NA,Protected Lanes
357,2001,NA,Protected Lanes
358,2001,NA,Protected Lanes
359,2001,NA,Protected Lanes
360,2001,NA,Protected Lanes
361,2001,NA,Protected Lanes
362,2001,NA,Protected Lanes
363,2001,NA,Protected Lanes
364,2001,NA,Protected Lanes
365,2001,NA,Protected Lanes
366,2001,NA,Protected Lanes
367,2001,NA,Protected Lanes
368,2001,NA,Protected Lanes
369,2001,NA,Protected Lanes
370,2001,NA,Protected Lanes
371,2001,NA,Protected Lanes
372,2001,NA,Protected Lanes
373,2001,NA,Protected Lanes
374,2001,NA,Protected Lanes
375,2001,NA,Protected Lanes
376,2001,NA,Protected Lanes
377,2001,NA,Protected Lanes
378,2001,NA,Protected Lanes
379,2001,NA,Protected Lanes
380,2001,NA,Protected Lanes
381,2001,NA,Protected Lanes
382,2001,NA,Protected Lanes
383,2001,NA,Protected Lanes
384,2001,NA,Protected Lanes
385,2001,NA,Protected Lanes
386,2001,NA,Protected Lanes
387,2001,NA,Shared Roadways
388,2001,NA,Shared Roadways
389,2001,NA,Shared Roadways
390,2001,NA,Shared Roadways
391,2001,NA,Shared Roadways
392,2001,NA,Shared Roadways
393,2001,NA,Shared Roadways
394,2001,2019,On-Road Lanes
395,2001,NA,On-Road Lanes
396,2001,2019,On-Road Lanes
397,2001,NA,On-Road Lanes
398,2001,NA,On-Road Lanes
399,2001,NA,Shared Roadways
400,2001,2023,Protected Lanes
401,2001,2020,On-Road Lanes
402,2001,NA,On-Road Lanes
403,2001,NA,On-Road Lanes
404,2001,NA,On-Road Lanes
405,2001,2020,Protected Lanes
406,2001,NA,On-Road Lanes
407,2001,NA,Protected Lanes
408,2001,NA,Protected Lanes
409,2001,2019,Protected Lanes
410,2001,NA,Protected Lanes
411,2001,NA,Protected Lanes
412,2001,NA,Protected Lanes
413,2001,NA,Protected Lanes
414,2001,NA,Protected Lanes
415,2001,NA,Protected Lanes
416,2001,NA,Protected Lanes
417,2001,NA,Protected Lanes
418,2001,NA,Protected Lanes
419,2001,NA,Protected Lanes
420,2001,NA,Protected Lanes
421,2001,NA,Protected Lanes
422,2001,NA,Protected Lanes
423,2001,NA,Protected Lanes
424,2001,NA,Protected Lanes
425,2001,NA,Shared Roadways
426,2001,NA,Shared Roadways
427,2001,NA,Shared Roadways
428,2001,2004,On-Road Lanes
429,2001,NA,On-Road Lanes
430,2001,2006,Protected Lanes
431,2001,NA,Protected Lanes
432,2001,NA,Protected Lanes
433,2001,NA,Protected Lanes
434,2001,NA,Protected Lanes
435,2001,NA,Protected Lanes
436,2001,NA,Protected Lanes
437,2001,NA,Protected Lanes
438,2001,NA,Protected Lanes
439,2001,NA,Protected Lanes
440,2001,NA,Protected Lanes
441,2001,NA,Protected Lanes
442,2001,NA,Protected Lanes
443,2001,NA,Protected Lanes
444,2001,NA,Protected Lanes
445,2001,NA,Protected Lanes
446,2001,NA,Protected Lanes
447,2001,NA,Protected Lanes
448,2001,2015,Protected Lanes
449,2001,2015,Protected Lanes
450,2001,2015,Protected Lanes
451,2001,2015,Protected Lanes
452,2001,2015,Protected Lanes
453,2001,2015,Protected Lanes
454,2001,2015,Protected Lanes
455,2001,2015,Protected Lanes
456,2001,2015,Protected Lanes
457,2001,2015,Protected Lanes
458,2001,2020,Protected Lanes
459,2001,2015,Protected Lanes
460,2001,2015,Protected Lanes
461,2001,2015,Protected Lanes
462,2001,2015,Protected Lanes
463,2001,2015,Protected Lanes
464,2001,2015,Protected Lanes
465,2001,2015,Protected Lanes
466,2001,2015,Protected Lanes
467,2001,2015,Protected Lanes
468,2001,2015,Shared Roadways
469,2001,2023,Protected Lanes
470,2001,2015,Protected Lanes
471,2001,2015,Protected Lanes
472,2001,2015,Protected Lanes
473,2001,2015,Protected Lanes
474,2001,2015,Protected Lanes
475,2001,2015,Protected Lanes
476,2001,2015,Protected Lanes
477,2001,2010,Shared Roadways
478,2001,2010,Shared Roadways
479,2001,NA,Protected Lanes
480,2001,2012,Protected Lanes
481,2001,2012,Protected Lanes
482,2001,2012,Protected Lanes
483,2001,NA,On-Road Lanes
484,2001,NA,Protected Lanes
485,2001,NA,Protected Lanes
486,2008,2014,Protected Lanes
487,2001,2015,Shared Roadways
488,2001,2015,On-Road Lanes
489,2001,NA,On-Road Lanes
490,2001,NA,Protected Lanes
491,2005,NA,Protected Lanes
492,2005,NA,Shared Roadways
493,2005,NA,Shared Roadways
494,2005,NA,Shared Roadways
495,2005,NA,Shared Roadways
496,2005,NA,Shared Roadways
497,2005,NA,Shared Roadways
498,2005,NA,Shared Roadways
499,2005,NA,Shared Roadways
500,2005,NA,Shared Roadways
501,2005,NA,Shared Roadways
502,2005,2023,Shared Roadways
503,2005,NA,Shared Roadways
504,2005,NA,Shared Roadways
505,2005,NA,Shared Roadways
506,2005,2021,Shared Roadways
507,2005,2023,Shared Roadways
508,2005,NA,Shared Roadways
509,2001,2015,Protected Lanes
510,2001,2015,Shared Roadways
511,2001,2022,On-Road Lanes
512,2001,2021,Protected Lanes
513,2001,2016,Protected Lanes
514,2001,2018,Protected Lanes
515,2001,2017,On-Road Lanes
516,2001,NA,Protected Lanes
517,2001,NA,Protected Lanes
518,2001,NA,Protected Lanes
519,2001,NA,Shared Roadways
520,2001,NA,Shared Roadways
521,2002,NA,Protected Lanes
522,2002,NA,On-Road Lanes
523,2003,NA,Protected Lanes
524,2003,NA,Protected Lanes
525,2003,NA,On-Road Lanes
526,2003,NA,On-Road Lanes
527,2003,NA,Shared Roadways
528,2003,NA,Shared Roadways
529,2003,NA,On-Road Lanes
530,2004,NA,On-Road Lanes
531,2004,NA,Protected Lanes
532,2004,NA,Protected Lanes
533,2004,2017,Protected Lanes
534,2004,NA,Protected Lanes
535,2004,NA,On-Road Lanes
536,2004,NA,Protected Lanes
537,2004,NA,Protected Lanes
538,2005,NA,Protected Lanes
539,2005,NA,Shared Roadways
540,2005,NA,Shared Roadways
541,2005,2023,Shared Roadways
542,2005,NA,Shared Roadways
543,2005,NA,Shared Roadways
544,2005,NA,Shared Roadways
545,2005,NA,Shared Roadways
546,2006,NA,Protected Lanes
547,2006,NA,Protected Lanes
548,2006,NA,Protected Lanes
549,2006,NA,Protected Lanes
550,2006,NA,Shared Roadways
551,2006,NA,Shared Roadways
552,2006,NA,Shared Roadways
553,2006,2022,Shared Roadways
554,2006,NA,Shared Roadways
555,2006,2022,Shared Roadways
556,2006,NA,Shared Roadways
557,2006,NA,Shared Roadways
558,2006,NA,Shared Roadways
559,2006,NA,Shared Roadways
560,2006,NA,Shared Roadways
561,2006,NA,Shared Roadways
562,2006,2022,Shared Roadways
563,2006,NA,Shared Roadways
564,2006,NA,Shared Roadways
565,2006,NA,Shared Roadways
566,2006,NA,On-Road Lanes
567,2006,NA,Shared Roadways
568,2007,NA,Protected Lanes
569,2007,NA,Protected Lanes
570,2007,NA,Protected Lanes
571,2007,2012,Protected Lanes
572,2006,NA,Protected Lanes
573,2006,2018,Shared Roadways
574,2006,NA,Shared Roadways
575,2006,NA,Shared Roadways
576,2006,NA,Shared Roadways
577,2006,2015,Protected Lanes
578,2006,NA,Protected Lanes
579,2006,NA,Protected Lanes
580,2006,NA,Protected Lanes
581,2006,NA,Protected Lanes
582,2006,2011,Protected Lanes
583,2006,NA,Protected Lanes
584,2006,2015,Protected Lanes
585,2006,NA,Protected Lanes
586,2006,NA,Shared Roadways
587,2006,NA,Shared Roadways
588,2006,2022,Shared Roadways
589,2006,NA,Shared Roadways
590,2006,2022,Shared Roadways
591,2006,NA,Shared Roadways
592,2006,NA,Shared Roadways
593,2006,NA,Shared Roadways
594,2006,NA,Shared Roadways
595,2006,NA,Shared Roadways
596,2006,NA,Shared Roadways
597,2006,NA,Shared Roadways
598,2006,NA,Shared Roadways
599,2006,NA,Shared Roadways
600,2005,NA,Shared Roadways
601,2005,NA,Shared Roadways
602,2005,2023,Shared Roadways
603,2005,NA,Shared Roadways
604,2005,2021,Shared Roadways
605,2005,NA,Shared Roadways
606,2005,NA,Shared Roadways
607,2005,NA,Shared Roadways
608,2005,NA,Shared Roadways
609,2005,NA,Shared Roadways
610,2005,NA,Shared Roadways
611,2005,2023,Shared Roadways
612,2005,NA,Protected Lanes
613,2005,NA,Shared Roadways
614,2005,NA,Shared Roadways
615,2005,NA,Shared Roadways
616,2005,NA,Shared Roadways
617,2005,NA,On-Road Lanes
618,2005,2023,Shared Roadways
619,2005,NA,Shared Roadways
620,2005,NA,Shared Roadways
621,2005,NA,Shared Roadways
622,2005,NA,On-Road Lanes
623,2005,NA,Protected Lanes
624,2007,NA,Shared Roadways
625,2007,NA,Shared Roadways
626,2007,NA,Shared Roadways
627,2007,NA,Shared Roadways
628,2007,2009,Shared Roadways
629,2008,2019,On-Road Lanes
630,2008,2019,On-Road Lanes
631,2008,NA,Protected Lanes
632,2008,2016,Protected Lanes
633,2008,NA,Protected Lanes
634,2009,NA,On-Road Lanes
635,2009,2021,Protected Lanes
636,2007,NA,On-Road Lanes
637,2009,NA,Protected Lanes
638,2009,NA,Protected Lanes
639,2007,NA,Protected Lanes
640,2007,2012,Protected Lanes
641,2007,NA,On-Road Lanes
642,2007,2015,Protected Lanes
643,2007,NA,Protected Lanes
644,2007,NA,Shared Roadways
645,2007,NA,Shared Roadways
646,2007,NA,Shared Roadways
647,2007,NA,Shared Roadways
648,2007,NA,Shared Roadways
649,2007,NA,Shared Roadways
650,2007,NA,Shared Roadways
651,2007,NA,Shared Roadways
652,2007,NA,Shared Roadways
653,2007,NA,Shared Roadways
654,2007,NA,Shared Roadways
655,2007,NA,Shared Roadways
656,2007,NA,Shared Roadways
657,2007,NA,Shared Roadways
658,2007,NA,Shared Roadways
659,2007,NA,Shared Roadways
660,2007,NA,Shared Roadways
661,2007,NA,Shared Roadways
662,2007,NA,Shared Roadways
663,2007,NA,Shared Roadways
664,2007,NA,Shared Roadways
665,2007,NA,Shared Roadways
666,2007,NA,Shared Roadways
667,2007,NA,Shared Roadways
668,2007,NA,Shared Roadways
669,2007,NA,Shared Roadways
670,2007,NA,Shared Roadways
671,2007,NA,Shared Roadways
672,2007,NA,Shared Roadways
673,2007,NA,Shared Roadways
674,2007,NA,Shared Roadways
675,2007,NA,Shared Roadways
676,2007,NA,Shared Roadways
677,2007,NA,Shared Roadways
678,2007,NA,Shared Roadways
679,2007,NA,Shared Roadways
680,2007,NA,Shared Roadways
681,2007,NA,Shared Roadways
682,2007,NA,Shared Roadways
683,2007,NA,Shared Roadways
684,2007,NA,Shared Roadways
685,2007,NA,Shared Roadways
686,2007,NA,Shared Roadways
687,2007,NA,Shared Roadways
688,2007,NA,Shared Roadways
689,2007,NA,Shared Roadways
690,2007,NA,Shared Roadways
691,2011,NA,Protected Lanes
692,2011,NA,Protected Lanes
693,2011,NA,Protected Lanes
694,2011,NA,Protected Lanes
695,2011,NA,Protected Lanes
696,2011,NA,Shared Roadways
697,2011,NA,Shared Roadways
698,2011,NA,Shared Roadways
699,2011,NA,Shared Roadways
700,2012,NA,Protected Lanes
701,2012,NA,Protected Lanes
702,2012,NA,Protected Lanes
703,2012,NA,Protected Lanes
704,2012,NA,Shared Roadways
705,2012,NA,Protected Lanes
706,2012,NA,Protected Lanes
707,2012,NA,Protected Lanes
708,2012,NA,Protected Lanes
709,2012,NA,Shared Roadways
710,2012,NA,Protected Lanes
711,2012,NA,Protected Lanes
712,2011,NA,Protected Lanes
713,2011,NA,Protected Lanes
714,2011,NA,Protected Lanes
715,2011,NA,Protected Lanes
716,2011,NA,Protected Lanes
717,2011,NA,Protected Lanes
718,2011,2015,Shared Roadways
719,2011,2015,Shared Roadways
720,2011,NA,Shared Roadways
721,2011,2015,Protected Lanes
722,2011,NA,Protected Lanes
723,2011,NA,Protected Lanes
724,2011,NA,Protected Lanes
725,2011,NA,Protected Lanes
726,2011,NA,Protected Lanes
727,2011,NA,Shared Roadways
728,2009,NA,Protected Lanes
729,2009,NA,Protected Lanes
730,2009,2015,Protected Lanes
731,2009,NA,Protected Lanes
732,2009,NA,Protected Lanes
733,2009,NA,Protected Lanes
734,2009,NA,On-Road Lanes
735,2009,NA,On-Road Lanes
736,2009,NA,On-Road Lanes
737,2009,NA,Shared Roadways
738,2009,NA,Protected Lanes
739,2009,NA,Protected Lanes
740,2010,NA,On-Road Lanes
741,2010,2015,On-Road Lanes
742,2011,NA,Protected Lanes
743,2011,NA,Protected Lanes
744,2013,NA,Protected Lanes
745,2013,NA,Protected Lanes
746,2013,NA,Shared Roadways
747,2013,NA,Shared Roadways
748,2013,NA,Shared Roadways
749,2013,NA,Shared Roadways
750,2013,NA,Shared Roadways
751,2013,NA,Shared Roadways
752,2013,NA,Shared Roadways
753,2005,NA,On-Road Lanes
754,2014,NA,On-Road Lanes
755,2014,NA,Protected Lanes
756,2014,NA,Protected Lanes
757,2014,NA,Protected Lanes
758,2014,NA,Protected Lanes
759,2014,NA,On-Road Lanes
760,2014,2020,On-Road Lanes
761,2014,NA,Protected Lanes
762,2012,NA,Protected Lanes
763,2012,NA,Protected Lanes
764,2012,NA,Protected Lanes
765,2012,NA,Protected Lanes
766,2012,NA,Protected Lanes
767,2012,NA,Shared Roadways
768,2012,NA,Shared Roadways
769,2012,NA,Shared Roadways
770,2012,NA,Shared Roadways
771,2012,NA,Shared Roadways
772,2012,NA,Shared Roadways
773,2012,NA,Shared Roadways
774,2012,NA,Shared Roadways
775,2012,NA,Shared Roadways
776,2012,NA,Shared Roadways
777,2012,NA,Shared Roadways
778,2012,NA,Shared Roadways
779,2012,NA,Shared Roadways
780,2012,NA,Shared Roadways
781,2012,NA,Shared Roadways
782,2012,NA,Shared Roadways
783,2012,NA,Shared Roadways
784,2012,NA,Shared Roadways
785,2012,NA,Shared Roadways
786,2012,NA,Shared Roadways
787,2012,NA,Shared Roadways
788,2012,NA,Shared Roadways
789,2012,NA,Shared Roadways
790,2012,NA,Protected Lanes
791,2012,NA,Shared Roadways
792,2012,NA,Shared Roadways
793,2012,NA,Shared Roadways
794,2012,NA,Shared Roadways
795,2012,NA,Shared Roadways
796,2012,NA,Shared Roadways
797,2012,NA,Shared Roadways
798,2012,NA,Shared Roadways
799,2012,NA,Shared Roadways
800,2012,NA,Shared Roadways
801,2013,NA,Protected Lanes
802,2013,NA,Protected Lanes
803,2006,2013,Protected Lanes
804,2013,NA,On-Road Lanes
805,2013,NA,On-Road Lanes
806,2013,NA,Shared Roadways
807,2013,2019,Shared Roadways
808,2013,NA,Protected Lanes
809,2013,NA,Protected Lanes
810,2015,NA,Shared Roadways
811,2015,NA,Shared Roadways
812,2015,NA,Shared Roadways
813,2015,NA,Protected Lanes
814,2015,NA,Shared Roadways
815,2015,NA,Shared Roadways
816,2015,NA,Shared Roadways
817,2015,NA,Shared Roadways
818,2015,NA,Shared Roadways
819,2016,NA,Protected Lanes
820,2006,2016,Shared Roadways
821,2016,NA,On-Road Lanes
822,2016,NA,On-Road Lanes
823,2016,NA,Shared Roadways
824,2016,NA,On-Road Lanes
825,2001,2017,On-Road Lanes
826,2001,NA,Protected Lanes
827,2001,2017,Protected Lanes
828,2001,2017,Shared Roadways
829,2001,2017,Shared Roadways
830,2007,2017,Shared Roadways
831,2005,NA,On-Road Lanes
832,2008,NA,On-Road Lanes
833,2008,NA,On-Road Lanes
834,2012,2017,Protected Lanes
835,2012,2017,Protected Lanes
836,2017,NA,On-Road Lanes
837,2017,NA,Shared Roadways
838,2017,NA,On-Road Lanes
839,2015,NA,Shared Roadways
840,2015,NA,Shared Roadways
841,2015,NA,Shared Roadways
842,2015,2015,Shared Roadways
843,2015,NA,Shared Roadways
844,2011,2015,Shared Roadways
845,2007,2015,Shared Roadways
846,2012,2015,Protected Lanes
847,2004,2015,Protected Lanes
848,2005,2021,Protected Lanes
849,2015,NA,Shared Roadways
850,2015,NA,Shared Roadways
851,2006,2016,Shared Roadways
852,2006,2016,Shared Roadways
853,2006,2016,Shared Roadways
854,2006,2016,Shared Roadways
855,2016,2019,On-Road Lanes
856,2016,NA,Shared Roadways
857,2016,NA,Shared Roadways
858,2017,NA,Protected Lanes
859,2016,NA,Protected Lanes
860,2016,NA,Protected Lanes
861,2016,NA,On-Road Lanes
862,2016,NA,Shared Roadways
863,2016,NA,On-Road Lanes
864,2016,NA,Protected Lanes
865,2005,2016,On-Road Lanes
866,2016,NA,Shared Roadways
867,2014,NA,Protected Lanes
868,2014,NA,On-Road Lanes
869,2014,NA,Protected Lanes
870,2014,NA,Shared Roadways
871,2014,NA,Protected Lanes
872,2015,NA,On-Road Lanes
873,2015,2015,Protected Lanes
874,2015,NA,Protected Lanes
875,2015,NA,Shared Roadways
876,2015,NA,Shared Roadways
877,2015,NA,Shared Roadways
878,2015,NA,Shared Roadways
879,2015,NA,On-Road Lanes
880,2015,NA,Shared Roadways
881,2015,NA,Protected Lanes
882,2015,NA,Shared Roadways
883,2015,NA,Protected Lanes
884,2015,NA,Shared Roadways
885,2014,NA,On-Road Lanes
886,2014,NA,On-Road Lanes
887,2016,2020,Protected Lanes
888,2014,NA,Protected Lanes
889,2014,NA,Shared Roadways
890,2014,NA,Shared Roadways
891,2014,NA,Shared Roadways
892,2014,NA,On-Road Lanes
893,2014,NA,Protected Lanes
894,2006,2022,Shared Roadways
895,2006,2020,On-Road Lanes
896,2006,NA,On-Road Lanes
897,2006,NA,Protected Lanes
898,2006,NA,Protected Lanes
899,2006,2022,On-Road Lanes
900,2007,NA,Shared Roadways
901,2007,NA,Shared Roadways
902,2014,NA,Shared Roadways
903,2014,2017,Shared Roadways
904,2014,2017,Shared Roadways
905,2015,NA,Protected Lanes
906,2015,NA,Shared Roadways
907,2015,NA,Shared Roadways
908,2015,NA,Shared Roadways
909,2015,NA,Shared Roadways
910,2007,NA,Shared Roadways
911,2007,NA,Protected Lanes
912,2015,NA,Shared Roadways
913,2015,NA,Shared Roadways
914,2015,NA,Shared Roadways
915,2015,NA,Protected Lanes
916,2015,NA,Protected Lanes
917,2015,NA,Shared Roadways
918,2015,NA,Shared Roadways
919,2007,NA,On-Road Lanes
920,2007,2021,Protected Lanes
921,2007,NA,On-Road Lanes
922,2007,NA,Shared Roadways
923,2007,NA,On-Road Lanes
924,2007,NA,On-Road Lanes
925,2007,2012,Protected Lanes
926,2007,2012,Protected Lanes
927,2015,2016,Protected Lanes
928,2015,2016,Shared Roadways
929,2015,2021,Protected Lanes
930,2017,NA,On-Road Lanes
931,2007,2012,Protected Lanes
932,2007,2013,Shared Roadways
933,2007,2015,Protected Lanes
934,2007,2018,On-Road Lanes
935,2007,2017,Shared Roadways
936,2007,2017,Shared Roadways
937,2001,2015,Protected Lanes
938,2001,NA,Protected Lanes
939,2001,NA,Protected Lanes
940,2001,NA,Protected Lanes
941,2009,NA,On-Road Lanes
942,2001,NA,Protected Lanes
943,2001,NA,Protected Lanes
944,2008,NA,On-Road Lanes
945,2008,NA,On-Road Lanes
946,2008,NA,On-Road Lanes
947,2008,2019,On-Road Lanes
948,2008,NA,On-Road Lanes
949,2008,NA,On-Road Lanes
950,2008,2009,On-Road Lanes
951,2001,NA,Protected Lanes
952,2001,NA,Protected Lanes
953,2001,NA,Protected Lanes
954,2014,NA,Shared Roadways
955,2014,NA,Shared Roadways
956,2008,2009,Shared Roadways
957,2014,NA,Shared Roadways
958,2015,NA,On-Road Lanes
959,2001,NA,Protected Lanes
960,2017,NA,On-Road Lanes
961,2008,2011,Protected Lanes
962,2008,2020,Protected Lanes
963,2008,2019,On-Road Lanes
964,2009,NA,On-Road Lanes
965,2018,NA,Shared Roadways
966,2018,NA,Shared Roadways
967,2018,NA,Shared Roadways
968,2018,NA,Shared Roadways
969,2018,NA,Shared Roadways
970,2018,NA,Shared Roadways
971,2018,NA,On-Road Lanes
972,2018,NA,On-Road Lanes
973,2018,NA,On-Road Lanes
974,2018,NA,On-Road Lanes
975,2018,NA,On-Road Lanes
976,2018,NA,On-Road Lanes
977,2018,NA,On-Road Lanes
978,2018,NA,On-Road Lanes
979,2009,NA,Protected Lanes
980,2009,NA,Protected Lanes
981,2009,NA,Protected Lanes
982,2009,NA,Protected Lanes
983,2009,NA,Protected Lanes
984,2018,NA,On-Road Lanes
985,2018,NA,On-Road Lanes
986,2018,NA,On-Road Lanes
987,2018,NA,On-Road Lanes
988,2001,2020,Shared Roadways
989,2017,NA,Protected Lanes
990,2019,NA,Protected Lanes
991,2017,2001,Shared Roadways
992,2017,2017,Shared Roadways
993,2017,2017,Shared Roadways
994,2018,NA,Protected Lanes
995,2018,NA,Protected Lanes
996,2017,NA,Protected Lanes
997,2017,NA,Protected Lanes
998,2017,NA,Shared Roadways
999,2001,NA,Protected Lanes
1000,2001,2017,Shared Roadways
1001,2008,2015,Protected Lanes
1002,2006,2012,Shared Roadways
1003,2005,2021,Shared Roadways
1004,2005,NA,Shared Roadways
1005,2009,NA,On-Road Lanes
1006,2009,NA,Protected Lanes
1007,2009,NA,Protected Lanes
1008,2009,NA,Protected Lanes
1009,2009,NA,Protected Lanes
1010,2009,2016,On-Road Lanes
1011,2010,NA,On-Road Lanes
1012,2001,NA,Protected Lanes
1013,2017,NA,Protected Lanes
1014,2017,NA,Protected Lanes
1015,2017,NA,Protected Lanes
1016,2018,NA,Protected Lanes
1017,2019,NA,Protected Lanes
1018,2018,NA,Protected Lanes
1019,2019,NA,Protected Lanes
1020,2018,NA,Protected Lanes
1021,2017,NA,On-Road Lanes
1022,2017,NA,Shared Roadways
1023,2001,NA,Protected Lanes
1024,2001,2017,Protected Lanes
1025,2001,NA,Shared Roadways
1026,2001,2017,Shared Roadways
1027,2010,NA,Protected Lanes
1028,2010,NA,Shared Roadways
1029,2010,NA,Shared Roadways
1030,2010,NA,On-Road Lanes
1031,2010,NA,On-Road Lanes
1032,2010,NA,Shared Roadways
1033,2010,2014,On-Road Lanes
1034,2011,NA,Shared Roadways
1035,2011,NA,Protected Lanes
1036,2018,NA,Protected Lanes
1037,2018,NA,Protected Lanes
1038,2018,2021,Protected Lanes
1039,2018,NA,On-Road Lanes
1040,2018,NA,Protected Lanes
1041,2018,NA,On-Road Lanes
1042,2018,NA,Shared Roadways
1043,2018,NA,Shared Roadways
1044,2018,NA,Shared Roadways
1045,2018,NA,Shared Roadways
1046,2001,2017,Shared Roadways
1047,2002,NA,On-Road Lanes
1048,2002,2021,On-Road Lanes
1049,2002,NA,Protected Lanes
1050,2002,NA,Protected Lanes
1051,2011,NA,Protected Lanes
1052,2011,NA,Protected Lanes
1053,2011,NA,Protected Lanes
1054,2011,NA,Protected Lanes
1055,2005,2020,Shared Roadways
1056,2018,NA,Protected Lanes
1057,2018,NA,Protected Lanes
1058,2018,NA,Shared Roadways
1059,2018,NA,Protected Lanes
1060,2011,NA,Protected Lanes
1061,2002,2006,Protected Lanes
1062,2002,2018,On-Road Lanes
1063,2003,NA,Protected Lanes
1064,2011,NA,Protected Lanes
1065,2011,NA,Protected Lanes
1066,2011,NA,Protected Lanes
1067,2011,NA,Protected Lanes
1068,2018,NA,Protected Lanes
1069,2017,NA,On-Road Lanes
1070,2001,NA,Protected Lanes
1071,2001,2021,Protected Lanes
1072,2018,NA,On-Road Lanes
1073,2001,NA,On-Road Lanes
1074,2001,2020,On-Road Lanes
1075,2001,2020,On-Road Lanes
1076,2001,2020,On-Road Lanes
1077,2001,2020,On-Road Lanes
1078,2001,2020,On-Road Lanes
1079,2018,NA,Shared Roadways
1080,2006,2018,Shared Roadways
1081,2006,NA,On-Road Lanes
1082,2003,NA,Protected Lanes
1083,2003,2020,Protected Lanes
1084,2003,2020,Protected Lanes
1085,2011,NA,Protected Lanes
1086,2011,NA,Protected Lanes
1087,2011,NA,Protected Lanes
1088,2011,NA,Protected Lanes
1089,2020,NA,Protected Lanes
1090,2004,2019,On-Road Lanes
1091,2004,NA,On-Road Lanes
1092,2004,2021,Protected Lanes
1093,2004,NA,Protected Lanes
1094,2011,NA,Protected Lanes
1095,2011,NA,Protected Lanes
1096,2011,NA,Protected Lanes
1097,2004,NA,Protected Lanes
1098,2004,NA,Protected Lanes
1099,2004,NA,On-Road Lanes
1100,2004,NA,Protected Lanes
1101,2004,2021,Protected Lanes
1102,2004,NA,Protected Lanes
1103,2011,2015,Shared Roadways
1104,2011,2015,Shared Roadways
1105,2011,2015,Protected Lanes
1106,2011,2015,Protected Lanes
1107,2011,2015,Protected Lanes
1108,2012,NA,Shared Roadways
1109,2005,NA,Shared Roadways
1110,2005,NA,Shared Roadways
1111,2005,NA,On-Road Lanes
1112,2005,2008,On-Road Lanes
1113,2005,NA,On-Road Lanes
1114,2005,2016,On-Road Lanes
1115,2006,NA,Shared Roadways
1116,2012,NA,Protected Lanes
1117,2012,NA,Protected Lanes
1118,2012,NA,Protected Lanes
1119,2012,NA,Protected Lanes
1120,2013,NA,On-Road Lanes
1121,2006,NA,Shared Roadways
1122,2006,NA,Shared Roadways
1123,2006,NA,Shared Roadways
1124,2006,NA,Shared Roadways
1125,2006,2018,On-Road Lanes
1126,2013,NA,Protected Lanes
1127,2013,NA,Protected Lanes
1128,2013,NA,Shared Roadways
1129,2013,NA,Shared Roadways
1130,2013,NA,On-Road Lanes
1131,2013,2019,On-Road Lanes
1132,2003,2020,Protected Lanes
1133,2007,NA,On-Road Lanes
1134,2019,2020,Protected Lanes
1135,2001,NA,Protected Lanes
1136,2015,2020,Protected Lanes
1137,2014,2020,Protected Lanes
1138,2015,2020,Protected Lanes
1139,2015,2020,Protected Lanes
1140,2003,2020,Protected Lanes
1141,2001,2015,Protected Lanes
1142,2001,NA,On-Road Lanes
1143,2007,NA,On-Road Lanes
1144,2014,NA,On-Road Lanes
1145,2015,NA,On-Road Lanes
1146,2015,NA,On-Road Lanes
1147,2015,NA,On-Road Lanes
1148,2015,NA,On-Road Lanes
1149,2016,NA,On-Road Lanes
1150,2017,NA,On-Road Lanes
1151,2017,NA,On-Road Lanes
1152,2017,NA,On-Road Lanes
1153,2007,NA,On-Road Lanes
1154,2014,NA,On-Road Lanes
1155,2014,NA,On-Road Lanes
1156,2014,NA,On-Road Lanes
1157,2017,NA,On-Road Lanes
1158,2002,NA,On-Road Lanes
1159,2007,2021,On-Road Lanes
1160,2014,NA,On-Road Lanes
1161,2014,NA,On-Road Lanes
1162,2015,NA,On-Road Lanes
1163,2001,2017,On-Road Lanes
1164,2001,NA,On-Road Lanes
1165,2014,2016,Protected Lanes
1166,2014,NA,Protected Lanes
1167,2014,NA,Protected Lanes
1168,2019,NA,On-Road Lanes
1169,2020,NA,Protected Lanes
1170,2020,NA,Shared Roadways
1171,2020,NA,On-Road Lanes
1172,2020,NA,On-Road Lanes
1173,2015,NA,Shared Roadways
1174,2020,NA,Protected Lanes
1175,2001,2020,On-Road Lanes
1176,2020,NA,Protected Lanes
1177,2013,2020,On-Road Lanes
1178,2020,NA,On-Road Lanes
1179,2020,NA,On-Road Lanes
1180,2020,NA,On-Road Lanes
1181,2001,2023,Protected Lanes
1182,2020,2023,Protected Lanes
1183,2020,NA,Protected Lanes
1184,2001,2020,On-Road Lanes
1185,2020,NA,On-Road Lanes
1186,2020,NA,Protected Lanes
1187,2020,NA,On-Road Lanes
1188,2010,NA,On-Road Lanes
1189,2007,NA,On-Road Lanes
1190,2006,2020,Protected Lanes
1191,2008,NA,On-Road Lanes
1192,2008,2020,On-Road Lanes
1193,2007,2021,On-Road Lanes
1194,2020,NA,Protected Lanes
1195,2020,NA,Protected Lanes
1196,2020,NA,Protected Lanes
1197,2003,2020,Protected Lanes
1198,2016,2018,Protected Lanes
1199,2009,2020,Protected Lanes
1200,2015,2020,Protected Lanes
1201,2015,2020,Protected Lanes
1202,2014,2020,Protected Lanes
1203,2020,2023,Protected Lanes
1204,2017,NA,Protected Lanes
1205,2019,NA,Shared Roadways
1206,2020,1,Protected Lanes
1207,2020,NA,On-Road Lanes
1208,2020,2021,Protected Lanes
1209,2020,NA,Protected Lanes
1210,2020,NA,Protected Lanes
1211,2002,2020,Protected Lanes
1212,2002,2020,On-Road Lanes
1213,2020,NA,Protected Lanes
1214,2020,NA,Protected Lanes
1215,2009,2020,On-Road Lanes
1216,2001,2020,On-Road Lanes
1217,2020,NA,Protected Lanes
1218,2020,NA,Protected Lanes
1219,2020,NA,Protected Lanes
1220,2020,NA,Protected Lanes
1221,2001,2016,Protected Lanes
1222,2015,NA,On-Road Lanes
1223,2001,NA,On-Road Lanes
1224,2020,NA,Protected Lanes
1225,2003,2016,On-Road Lanes
1226,2008,2020,On-Road Lanes
1227,2011,2021,Protected Lanes
1228,2021,NA,Protected Lanes
1229,2017,NA,Protected Lanes
1230,2018,2020,Shared Roadways
1231,2015,NA,On-Road Lanes
1232,2015,NA,On-Road Lanes
1233,2001,NA,Protected Lanes
1234,2001,2020,Protected Lanes
1235,2020,NA,Shared Roadways
1236,2020,NA,Shared Roadways
1237,2020,NA,Shared Roadways
1238,2020,NA,Protected Lanes
1239,2020,NA,Protected Lanes
1240,2020,NA,Shared Roadways
1241,2001,2020,On-Road Lanes
1242,2001,2020,On-Road Lanes
1243,2020,1,Protected Lanes
1244,2008,2014,Protected Lanes
1245,2020,1,Protected Lanes
1246,2018,2020,Protected Lanes
1247,2007,NA,On-Road Lanes
1248,2020,NA,Shared Roadways
1249,2021,NA,On-Road Lanes
1250,2001,2018,Protected Lanes
1251,2021,NA,On-Road Lanes
1252,2021,NA,On-Road Lanes
1253,2021,NA,On-Road Lanes
1254,2021,NA,Shared Roadways
1255,2021,NA,Protected Lanes
1256,2016,2021,Protected Lanes
1257,2021,NA,Protected Lanes
1258,2021,NA,Shared Roadways
1259,2021,NA,Shared Roadways
1260,2021,NA,On-Road Lanes
1261,2021,NA,On-Road Lanes
1262,2021,NA,Shared Roadways
1263,2021,NA,On-Road Lanes
1264,2021,NA,On-Road Lanes
1265,2021,NA,Shared Roadways
1266,2021,2021,Shared Roadways
1267,2021,2021,Shared Roadways
1268,2014,2020,Protected Lanes
1269,2014,2021,Protected Lanes
1270,2021,NA,Protected Lanes
1271,2021,NA,Protected Lanes
1272,2021,NA,Protected Lanes
1273,2021,NA,Shared Roadways
1274,2021,NA,Shared Roadways
1275,2021,NA,On-Road Lanes
1276,2004,NA,Protected Lanes
1277,2022,NA,Shared Roadways
1278,2022,NA,On-Road Lanes
1279,2022,NA,Protected Lanes
1280,2021,NA,Protected Lanes
1281,2021,NA,Protected Lanes
1282,2021,NA,Protected Lanes
1283,2021,NA,Shared Roadways
1284,2021,NA,Shared Roadways
1285,2021,NA,Shared Roadways
1286,2021,NA,On-Road Lanes
1287,2021,NA,Protected Lanes
1288,2021,NA,Protected Lanes
1289,2021,NA,Protected Lanes
1290,2021,NA,Protected Lanes
1291,2001,2013,On-Road Lanes
1292,2001,2013,On-Road Lanes
1293,2020,NA,Protected Lanes
1294,2021,NA,On-Road Lanes
1295,2020,NA,On-Road Lanes
1296,2015,2021,Protected Lanes
1297,2016,2018,Protected Lanes
1298,2016,2019,Protected Lanes
1299,2019,NA,Shared Roadways
1300,2019,NA,Shared Roadways
1301,2019,NA,Shared Roadways
1302,2001,2019,Protected Lanes
1303,2002,NA,On-Road Lanes
1304,2019,NA,On-Road Lanes
1305,2017,2022,Protected Lanes
1306,2001,2021,Shared Roadways
1307,2005,NA,Shared Roadways
1308,2021,2021,Shared Roadways
1309,2020,NA,On-Road Lanes
1310,2021,NA,On-Road Lanes
1311,2022,NA,Protected Lanes
1312,2016,2022,Protected Lanes
1313,2021,NA,Protected Lanes
1314,2016,NA,Protected Lanes
1315,2019,NA,Protected Lanes
1316,2016,NA,Shared Roadways
1317,2016,NA,Shared Roadways
1318,2017,NA,Shared Roadways
1319,2017,NA,Shared Roadways
1320,2020,NA,Shared Roadways
1321,2018,NA,Protected Lanes
1322,2019,NA,Protected Lanes
1323,2022,NA,On-Road Lanes
1324,2022,NA,On-Road Lanes
1325,2022,NA,On-Road Lanes
1326,2022,NA,On-Road Lanes
1327,2022,NA,On-Road Lanes
1328,2022,NA,Shared Roadways
1329,2022,NA,Protected Lanes
1330,2022,NA,Protected Lanes
1331,2022,NA,Shared Roadways
1332,2022,NA,Shared Roadways
1333,2022,NA,Shared Roadways
1334,2022,NA,Shared Roadways
1335,2022,NA,Shared Roadways
1336,2022,NA,Protected Lanes
1337,2022,NA,On-Road Lanes
1338,2022,NA,On-Road Lanes
1339,2022,NA,Shared Roadways
1340,2022,NA,Shared Roadways
1341,2022,NA,Shared Roadways
1342,2022,NA,Protected Lanes
1343,2022,NA,Protected Lanes
1344,2022,NA,On-Road Lanes
1345,2022,NA,Shared Roadways
1346,2022,NA,Protected Lanes
1347,2022,NA,Shared Roadways
1348,2022,NA,On-Road Lanes
1349,2022,NA,Shared Roadways
1350,2022,NA,On-Road Lanes
1351,2022,NA,Shared Roadways
1352,2022,NA,Shared Roadways
1353,2022,NA,Shared Roadways
1354,2022,NA,Protected Lanes
1355,2022,NA,Shared Roadways
1356,2022,NA,Shared Roadways
1357,2022,NA,Protected Lanes
1358,2022,NA,Protected Lanes
1359,2022,NA,Shared Roadways
1360,2022,NA,Shared Roadways
1361,2022,NA,On-Road Lanes
1362,2022,NA,Shared Roadways
1363,2022,NA,On-Road Lanes
1364,2022,NA,Protected Lanes
1365,2022,NA,Shared Roadways
1366,2022,NA,On-Road Lanes
1367,2022,NA,Protected Lanes
1368,2022,NA,Shared Roadways
1369,2022,NA,Protected Lanes
1370,2006,2022,Shared Roadways
1371,2022,NA,Protected Lanes
1372,2022,NA,Protected Lanes
1373,2022,NA,On-Road Lanes
1374,2022,NA,On-Road Lanes
1375,2022,NA,Protected Lanes
1376,2022,NA,Protected Lanes
1377,2022,NA,Shared Roadways
1378,2022,NA,Shared Roadways
1379,2022,NA,Shared Roadways
1380,2022,NA,On-Road Lanes
1381,2022,NA,On-Road Lanes
1382,2022,NA,On-Road Lanes
1383,2022,NA,Shared Roadways
1384,2022,NA,Protected Lanes
1385,2022,NA,Protected Lanes
1386,2022,NA,Protected Lanes
1387,2022,NA,Protected Lanes
1388,2022,NA,Protected Lanes
1389,2022,NA,On-Road Lanes
1390,2006,2022,Shared Roadways
1391,2006,2022,Shared Roadways
1392,2021,NA,On-Road Lanes
1393,2021,NA,Shared Roadways
1394,2022,NA,Protected Lanes
1395,2001,NA,Protected Lanes
1396,2023,NA,On-Road Lanes
1397,2023,NA,Shared Roadways
1398,2023,NA,On-Road Lanes
1399,2023,NA,On-Road Lanes
1400,2023,NA,On-Road Lanes
1401,2023,NA,Shared Roadways
1402,2023,NA,On-Road Lanes
1403,2023,NA,Shared Roadways
1404,2023,NA,On-Road Lanes
1405,2023,NA,Shared Roadways
1406,2023,NA,On-Road Lanes
1407,2023,NA,Protected Lanes
1408,2023,NA,Protected Lanes
1409,2023,NA,Protected Lanes
1410,2023,NA,Protected Lanes
1411,2023,NA,Protected Lanes
1412,2023,NA,Protected Lanes
1413,2023,NA,Protected Lanes
1414,2023,NA,Protected Lanes
1415,2023,NA,Protected Lanes
1416,2023,NA,Protected Lanes
1417,2023,NA,Shared Roadways
1418,2023,NA,Shared Roadways
1419,2023,NA,Shared Roadways
1420,2023,NA,Shared Roadways
1421,2023,NA,Shared Roadways
1422,2023,NA,Shared Roadways
1423,2023,NA,Shared Roadways
1424,2023,NA,Shared Roadways
1425,2023,NA,Shared Roadways
1432,2009,NA,On-Road Lanes
1433,2023,NA,Protected Lanes
1434,2023,NA,Protected Lanes
1435,2023,NA,Protected Lanes
1436,2023,NA,Protected Lanes
1437,2023,NA,Protected Lanes
1440,2005,2023,Shared Roadways
1441,2023,NA,On-Road Lanes
1442,2001,NA,Protected Lanes
1443,2023,NA,On-Road Lanes
1444,2023,NA,Shared Roadways
1449,2018,NA,Shared Roadways
1450,2016,NA,Protected Lanes
1451,2020,NA,Protected Lanes
1452,2022,NA,Protected Lanes
1454,2022,NA,Shared Roadways
1455,2023,NA,Protected Lanes
1456,2023,NA,Protected Lanes
1457,2023,NA,Protected Lanes
1458,2023,NA,Protected Lanes
1459,2023,NA,Protected Lanes
1460,2023,NA,Protected Lanes
1461,2023,NA,Protected Lanes
1462,2023,NA,Protected Lanes
1463,2023,NA,Protected Lanes
